{"mean": 0, "median": 0, "Std.Dev": 0, "_timestamp": 1729427121.8147945, "_runtime": 18.154953479766846, "_step": 0}