{"mean": 113.44999999999999, "median": 113.44999999999999, "Std.Dev": 1.1499999999999986, "_timestamp": 1729465668.4001954, "_runtime": 146.35991835594177, "_step": 3}