{"mean": 0, "median": 0, "Std.Dev": 0, "_timestamp": 1729465588.3418462, "_runtime": 10.31436014175415, "_step": 0}