{"mean": 333.7875, "median": 235.95, "Std.Dev": 267.9029088937819, "_timestamp": 1729465657.3317251, "_runtime": 229.56762504577637, "_step": 1}